0,1
Por que é mais difícil para as mulheres lutar contra alcoolismo e dependência às drogas,1.0
Cientista modifica forma de bactérias para combatê-las,1.0
Qual o melhor tipo de cirurgia para miopia?,1.0
Psicólogo cria 'kit de reparo' para descontentamento no casamento,1.0
"Programa tenta reduzir drogas entre jovens, mas consumo de álcool cresce",1.0
"Um em cada cinco paulistanos tem pressão alta, aponta pesquisa",1.0
"Zika virou ameaça por uma única mutação em 2013, dizem cientistas",1.0
'Para de chorar porque o seu marido vai cansar': o estigma da depressão pós-parto que afeta 1 em 4 mães no Brasil,1.0
Projetos usam dança como terapia para pessoas com depressão e idosos,1.0
Farmacêuticas desenvolvem novas terapias contra a hemofilia,1.0
Minha neta tem febre periódica. O que é isso e o que posso fazer?,1.0
Cientistas criam novos anticorpos capazes de atacar até 99% dos tipos de HIV,1.0
Como grandes empresas deixaram o Brasil viciado em junk food,1.0
Superbactérias podem se tornar a principal causa de morte no mundo,1.0
"Para paliativistas, é crucial haver honestidade com paciente grave",1.0
Pesquisa mapeia o comportamento sexual de gays e bissexuais no Brasil,1.0
Vírus primos da dengue podem estar na ativa,1.0
"Pais arrecadam R$ 3,6 milhões para tratar criança com doença rara",1.0
"Doença de Lady Gaga, fibromialgia causa dor, mas vida normal é possível",1.0
"Duas vezes mais mulheres do que homens perdem interesse em sexo após o casamento, indica estudo",1.0
"Brasileiro tomaria menos 'refri' se preço fosse salgado, aponta pesquisa",1.0
Tenho muita coceira no olho. O que pode ser? Posso coçar?,1.0
'Por que deixei de ser vegano para tentar melhorar minha saúde',1.0
Farmacêutica Sanofi desiste de desenvolver vacina contra a zika,1.0
"Falar em cura para Aids é criar uma cortina de fumaça, diz antropólogo",1.0
Doença de Kate Middleton é mais comum na primeira gravidez,1.0
"Temos que ensinar machões a serem afetuosos com os filhos, diz 'papai pop'",1.0
A nova câmera que consegue enxergar de fora o interior do corpo humano,1.0
Tenho bócio e gostaria de operar. O que faço?,1.0
Anvisa suspende lotes de paracetamol e de dois antibióticos,1.0
Pela primeira vez terapia gênica é aprovada nos EUA; leucemia é o alvo,1.0
Rio solta milhões de Aedes com bactéria para combater dengue e zika,1.0
Idosos superam artrite e até depressão com esporte: 'Prefiro morrer na quadra a largar isso',1.0
"A geração smartphone, que bebe menos álcool, faz menos sexo e não está preparada para a vida adulta",1.0
EUA aceleram teste de psicodélico contra o estresse pós-traumático,1.0
Pesquisadora conta em livro 120 anos de história de homens trans,1.0
"Os corações artificiais ainda custam caro demais, diz cirurgião britânico",1.0
"No Brasil, corações artificiais ainda são pouco utilizados",1.0
Não tomo leite. Corro risco de osteoporose na menopausa?,1.0
Método experimental prevê demência dois anos antes de sintomas,1.0
"Esquecimentos podem ser importantes para funcionamento do cérebro, diz estudo",1.0
"Contrários à onda fitness, movimentos pregam o fim do 'corpo ideal'",1.0
"Tenho uma bolha na gengiva. O que faço, devo me preocupar?",1.0
Surtos de febre amarela no país têm origem no norte da América do Sul,1.0
ANS vai ter regras para que planos de saúde monitorem obesidade,1.0
"Um dilema no estudo de câncer: testes clínicos demais, pacientes de menos",1.0
"'Perdi 47 kg após bariátrica, mas a luta ainda é diária', diz enfermeira",1.0
Governo é contra liberação irrestrita da maconha para uso medicinal,1.0
Os segredos de 5 dos países com maior expectativa de vida,1.0
"Em premiação de oncologia, cientista pede mais verba para ciência do país",1.0
Genética é só uma das armadilhas no caminho do emagrecimento,1.0
Psiconeuroimunologia: a intrigante técnica de escrever sobre traumas que ajuda a curar o corpo,1.0
Veja dicas para fazer parte dos 10% que mantêm o peso após dieta,1.0
Conheça 36 'fórmulas mágicas' para emagrecer e por que não funcionam,1.0
"Cardiologistas adotam critérios mais rígidos para colesterol ruim, o LDL",1.0
"Sozinho, exercício não emagrece, mas aumenta músculo e limita fome",1.0
'Doei minha pele à minha irmã gêmea com câncer',1.0
Obesidade quase dobra entre os jovens brasileiros em dez anos,1.0
Aulas presenciais e também on-line incentivam exercícios de mães e bebês,1.0
Pesquisa de tumor cerebral ganha prêmio de oncologia,1.0
Pesquisas sobre esclerose múltipla exploram 'rota de células de defesa',1.0
Por que quando uso cotonete fico com vontade de tossir?,1.0
Cientistas dizem estar mais perto da cura do resfriado,1.0
O kit simples feito com camisinha que pode salvar vidas de mulheres após o parto,1.0
A mulher cega que pode 'sentir' o mundo ao seu redor,1.0
O que é a dieta cetogênica e o quão efetiva (e saudável) é para perder peso,1.0
Amamentação exclusiva no Brasil não alcança meta da OMS,1.0
"Em pesquisa, 21% dizem que exame de toque retal não é 'coisa de homem'",1.0
"Mulheres com gengivite crônica têm mais chances de ter câncer, diz estudo",1.0
Associações francesas alertam para riscos de nanomateriais para a saúde,1.0
Doença portuguesa chegou ao Brasil há 500 anos e ainda é desconhecida,1.0
"No SUS falta droga básica para tratar AVC, aponta levantamento do CFM",1.0
Por que o tempo parece passar mais devagar no auge da paixão - ou durante momentos traumáticos?,1.0
"Após perda da mãe para câncer, estudante cria app de ajuda a pacientes",1.0
"Suicídios na mesma família podem ser explicados, em parte, pela genética",1.0
A gengiva sangra quando escovo os dentes. O que isso significa?,1.0
"Beber com frequência (mas pouco) reduz risco de diabetes, indica pesquisa",1.0
Produção de Benzetacil é suspensa temporariamente,1.0
Terapia experimental reverte câncer de próstata avançado,1.0
O tratamento experimental para câncer que devolveu a cor aos cabelos dos pacientes grisalhos,1.0
Pediatras lançam recomendações de exercício físico em crianças e bebês,1.0
Estudo aponta dano cerebral em quase todos jogadores de futebol americano,1.0
Chineses criam injeção antizika e testes têm sucesso em roedores,1.0
Fiocruz desenvolve técnica que enxerga zika dentro de célula humana,1.0
Vacina experimental contra HIV tem resultados 'encorajadores',1.0
Raro caso de remissão de HIV é documentado por cientistas,1.0
Como a invenção do leite em fórmula revolucionou o mercado de trabalho,1.0
Mulheres que tiveram anorexia comentam novo filme da Netflix,1.0
A história que deu origem ao mito da ligação entre vacinas e autismo,1.0
Lesões graves na pele podem interromper tratamento contra câncer,1.0
Anvisa vai criar regras para cultivo de maconha medicinal,1.0
Por que tenho foliculite? Ela causa insuficiência renal?,1.0
OMS faz alerta para aumento de resistência a drogas contra o HIV,1.0
Como britânica que carrega bolsa pós-colostomia recuperou vida sexual e ajudou outras mulheres,1.0
Primeiro menino a receber transplante duplo de mãos supera rejeições e já joga beisebol,1.0
'Achavam que ele não passaria de 6 semanas': o mal raro que ameaça vida de jovem durante o sono,1.0
Pais devem vestir gêmeos com roupas iguais?,1.0
"Curada de câncer, menina youtuber muda vídeos e quer virar médica",1.0
Hotel do Sono em SP quer ensinar como dormir melhor,1.0
As práticas médicas do Egito antigo que são usadas até hoje,1.0
Novo tratamento para diabetes tipo 2 é aprovado pela Anvisa,1.0
Câmera barata 'lê' olhos de pessoas com ELA e facilita a comunicação,1.0
Tenho 26 anos e muitas varizes na perna. Vai piorar? O que faço?,1.0
5 ideias sobre como conversar com seu filho pequeno para 'construir' seu cérebro,1.0
Sangue de tipo raro de brasileiro salva vida de bebê na Colômbia,1.0
Remédio à base maconha custará até R$ 2.800 e deve chegar neste ano,1.0
Quantos passos você dá por dia? Dados globais de celulares mostram que brasileiro anda pouco,1.0
Terapia que altera células para combater câncer avança nos EUA,1.0
"Livro conta história do autismo, dos castigos físicos à neurodiversidade",1.0
Pais de crianças com doença grave no intestino brigam por transplante,1.0
Como se trata torcicolo?,1.0
Jovem faz teste de gravidez por brincadeira e descobre câncer,1.0
"Sexo oral e relações sem camisinha estão disseminando supergonorreia, diz OMS",1.0
Anvisa diz que barrará importação comercial de inibidores de apetite,1.0
Como a pornografia tem levado jovens a buscar plásticas vaginais,1.0
Idade do homem também afeta sucesso de reprodução assistida,1.0
Empresa brasileira lança exame de sangue que fica pronto em minutos,1.0
Como tecnologia desenvolvida na F-1 pode ajudar a salvar vidas de bebês doentes,1.0
Clínicas usam realidade virtual contra medo de injeção,1.0
Paciente com HIV mais longevo do HC-USP espera cura e vida sem remédio,1.0
O que as pessoas comem nas regiões com as expectativas de vida mais altas do mundo?,1.0
Transtorno disfórico pré-menstrual: a 'super TPM' que leva algumas mulheres à internação psiquiátrica,1.0
Minha unha não para de encravar. O que posso fazer?,1.0
Aplicativo lê movimentos de surdos e traduz língua de sinais para português,1.0
Como a falta de sono afeta seu cérebro,1.0
"Emagrecedores liberados ficarão em limbo sem controle, diz diretor da Anvisa",1.0
Cientistas criam vacina contra a gripe em forma de adesivo,1.0
A pergunta de quase cem anos sobre Parkinson que acaba de ser respondida,1.0
É possível sobreviver comendo apenas um tipo de alimento?,1.0
Teste genético ajuda médico a indicar o melhor antidepressivo,1.0
Aplicativos para marcar consultas médicas devem ter novas regras,1.0
'Como aprendi a viver com múltiplas personalidades',1.0
Dermatite seborreica tem cura?,1.0
Governo sanciona projeto que libera inibidores de apetite,1.0
Planalto deve sancionar projeto que libera inibidores de apetite,1.0
Volta de emagrecedores gera briga entre Anvisa e médicos,1.0
Liberar emagrecedores por lei é mais uma afronta à Anvisa,1.0
Cientistas testam vacina contra colesterol e doenças cardíacas,1.0
Câmara aprova liberação da produção e venda de remédios para emagrecer,1.0
Como um banho de água fria no mar pode desencadear crise de amnésia,1.0
Droga tem sucesso contra diferentes tipos de câncer e já está no mercado,1.0
Medicina de família reduz mortes evitáveis na população negra,1.0
"Óleo de coco faz tão mal quanto gordura animal, dizem cientistas",1.0
Tenho muita dor no pescoço. Bico de papagaio tem cura?,1.0
Nova Zelândia tem maior taxa de suicídio de jovens entre países desenvolvidos,1.0
Sites reduzem estresse em pacientes com câncer e controlam sintomas,1.0
Imunoterapia pode fazer organismo atacar a si mesmo,1.0
Doenças relacionadas ao excesso de peso não ameaçam apenas obesos,1.0
Por que cientistas falam em epidemia de miopia e qual a sua origem,1.0
Tatuagens que mudam de cor para controlar o diabetes,1.0
Ministério da Saúde quer proibir refil de refrigerante em fast-food,1.0
As mulheres que enfrentam a menopausa com testosterona,1.0
"Apesar de riscos, testosterona em gel ganha espaço em academias",1.0
Bebês com zika nascem sem microcefalia em SP,1.0
Método brasileiro usa pele de tilápia para tratar queimaduras graves,1.0
O que é o 'jet lag social' e como ele pode afetar sua saúde,1.0
"Barba é questão de moda, gosto ou só um jeito de atrair mais parceiros?",1.0
Inflamação no cerebelo é curável?,1.0
Ministro da Saúde diz ter um atalho para aprovação de drogas na Anvisa,1.0
Jovem autista encontra refúgio no fliperama e vira campeão mundial,1.0
"Tabaco mata mais de 7 milhões de pessoas a cada ano, segundo OMS",1.0
Por que falar sozinho pode ser sinal de sucesso,1.0
"Instagram é a pior rede social para saúde mental de jovens, diz pesquisa",1.0
"Probióticos caseiros, kombucha e kefir são a nova moda nutricional",1.0
Menino italiano morre após otite ser tratada somente com homeopatia,1.0
Não usar azeite para fritar? Veja regras culinárias derrubadas pela ciência,1.0
Tenho anemia e minha ferritina está alta. O que faço?,1.0
Médico holandês é suspeito de ter usado seu sêmen em inseminações,1.0
Evento no Einstein discute gargalos no acesso a medicamentos no país,1.0
Governo adota no SUS pílula que previne HIV em grupos de risco,1.0
Modalidade que une exercício físico a choque elétrico ganha espaço no Brasil,1.0
"Cinco anos após entrar em vigor, testamento vital é pouco utilizado",1.0
Tenho hipersecreção e muita tosse. Devo me preocupar? O que faço?,1.0
Comadre de papel reciclado começa a ser testada em hospitais do país,1.0
Einstein realiza fórum para discutir acesso a medicamentos,1.0
OMS afirma que pode testar vacina experimental contra ebola no Congo,1.0
Anvisa aprova primeiro teste de farmácia do país para detectar HIV,1.0
Aluna de escola pública inventa monitor cardíaco para sonâmbulos,1.0
Menos de 40% dos brasileiros praticam esporte ou atividade física,1.0
Maconha passa a fazer parte da lista de plantas medicinais da Anvisa,1.0
"Tatuagens pintam e cobrem olheiras, mas preocupam dermatologistas",1.0
OMS anuncia detecção de novo surto de ebola no Congo,1.0
"Pouco conhecido, distúrbio causa 'curto-circuito' entre cérebro e boca",1.0
"Doença que matou cantor Belchior, dilatação da aorta é silenciosa e fatal",1.0
Sardas surgiram depois de tomar muito sol. Devo me preocupar?,1.0
Médicos dos EUA mudam instrução para detecção de câncer de próstata,1.0
Estudantes criam protótipo de sutiã que 'detecta sinais de câncer de mama',1.0
Supositório de maconha promete acabar com dor de cólica menstrual,1.0
Falta de penicilina afeta pacientes no mundo,1.0
Países recorrem a empresas banidas para garantir oferta da penicilina,1.0
"No fim da vida, brasileiro prioriza prolongar dias a sentir menos dor",1.0
Estou com tosse há muito tempo e sinto muita dor. O que faço?,1.0
Gêmeos podem dar pistas sobre transmissão do vírus da zika,1.0
Hospitais barram remédio chinês usado para tratar câncer infantil,1.0
Drama do 'armário duplo': a violência 'invisível' entre casais do mesmo sexo,1.0
"'Meu filho morreu em 1994, mas seu coração só parou de bater agora'",1.0
Armadilha ligada a aplicativo mapeia em tempo real infestação de Aedes,1.0
Rússia usa hipnose e água benta para 'curar homossexualidade',1.0
Jimmy Kimmel chora ao falar sobre doença cardíaca do recém-nascido,1.0
Não é possível dissociar o HIV e a Aids dos direitos dos gays,1.0
Quiropraxia pode ser uma opção contra dores nas costas,1.0
Einstein e Spotify fazem parceria para estudar efeito da música sobre a saúde,1.0
As chances de sofrer um acidente aéreo e sobreviver a ele,1.0
Gordura no lugar 'certo' pode livrar obeso de dieta e remédio,1.0
Tirei o esmalte e havia manchas brancas na unha. O que pode ser?,1.0
Exame detecta ressurgimento de câncer com um ano de antecedência,1.0
Corridas de rua adotam medidas para barrar penetras,1.0
Teste de vacina contra malária começará em países africanos,1.0
Por que é tão difícil frear a escalada da obesidade infantil?,1.0
"Marca-passo pode reduzir depressão, aponta estudo brasileiro",1.0
"É preciso discutir quanto custa prolongar a sobrevida, diz Paulo Hoff",1.0
"Uma hora de corrida pode aumentar a vida em sete horas, diz estudo",1.0
"Aos 40, Incor quita dívida e abre pronto-socorro de ponta",1.0
Tenho desvio de septo. Será que preciso operar?,1.0
"Anvisa quer advertência direta em cigarro, como 'Você brocha'",1.0
Projeto do Google acompanhará 10.000 pessoas para predizer doenças,1.0
OMS comemora grandes avanços na luta contra doenças negligenciadas,1.0
Transtornos psicológicos graves atingem cada vez mais americanos,1.0
É melhor fazer exercício físico antes ou depois do café da manhã?,1.0
Muita gente toma suplemento de vitamina D; talvez você não precise,1.0
"Sepse, uma das maiores causas de mortes que talvez você não conheça",1.0
Olheiras podem ser sinal de problema de saúde?,1.0
Crianças que brincam com celulares e tablets dormem menos,1.0
"Nova lei prevê registro de remédio em 1 ano, mas espera é 4 vezes maior",1.0
Projeto dará nota para reportagens da área da saúde,1.0
Prêmio de oncologia do Icesp tem as inscrições abertas,1.0
Empresa dos EUA é autorizada a vender relatório sobre riscos genéticos,1.0
Teste identifica genes culpados por doenças raras da retina,1.0
Cigarro causa 1 em cada 10 mortes no mundo e Brasil é 'história de sucesso',1.0
Por que fazer uma vasectomia aos 29 anos foi a melhor coisa que fiz,1.0
"Febre do momento, óleo de coco não traz benefícios e ainda pode fazer mal",1.0
"Bebês choram mais no Reino Unido, Canadá e Itália, mostra estudo",1.0
Descubra como desencadear os efeitos dos hormônios da felicidade,1.0
"Brasileiros precisam se preocupar com arsênio no arroz, como os britânicos?",1.0
É normal a vacina da hepatite B não funcionar?,1.0
"Por falta de eficácia, pesquisa com 'pílula do câncer' é suspensa",1.0
Sete pequenos erros na dieta que até os mais saudáveis podem cometer,1.0
Saiba os tipos e para que servem os aditivos que vão na sua comida,1.0
"Depressão é a maior causa de incapacitação no mundo, diz OMS",1.0
"'Eu tenho só metade do cérebro, mas ninguém percebe', diz americana",1.0
O homem que tem ossos mais fortes que o granito,1.0
Raro câncer relacionado a implantes de mama matou nove mulheres,1.0
Tetraplégico mexe braço e come sozinho após implante robótico,1.0
Profissionais ensinam como o nenê deve nanar e mudam rotina da família,1.0
Quanto tempo é necessário para uma 'desintoxicação digital'?,1.0
Células-tronco são testadas como terapia contra impotência,1.0
'Retratos de afeto': obra revela intimidade de pessoas com câncer,1.0
Software de reconhecimento facial identifica doença genética rara,1.0
Conheça a cadeia produtiva da carne e o que pode dar errado no caminho,1.0
O que é siringoma? Tenho bolinhas sob o olho. Pode ser isso?,1.0
"Com medo de carne adulterada, consumidores buscam alternativas",1.0
Dois terços das mutações que causam câncer ocorrem por 'falta de sorte',1.0
"Energético com álcool aumenta chance de acidentes, dizem cientistas",1.0
"Indígenas bolivianos têm corações mais saudáveis do mundo, diz estudo",1.0
Psicose pós-parto: 'Achei que tivesse assassinado minha bebê',1.0
"Uso de smartphone pode estar nos emburrecendo, sugerem estudos",1.0
Mulher com câncer no cérebro usa maconha em UTI de hospital de SP,1.0
O 'vilão' da cozinha apontado como causa da epidemia global de obesidade,1.0
Há algum problema se eu não sentir o fio do DIU?,1.0
Menino passa 20 horas por dia sob luz ultravioleta para se manter vivo,1.0
Incidência de câncer colorretal aumenta entre os mais jovens,1.0
EUA pedem investigação das causas da infertilidade antes de tratamento,1.0
Justiça obriga planos a pagarem por tratamento de reprodução assistida,1.0
Pesquisa recria neurônios e encontra gene ligado à anorexia,1.0
Depressão entre jovens cresce; desafio é distinguir a doença de atos típicos da adolescência,1.0
Parceria antissuicídio entre governo federal e CVV zera custo de ligações,1.0
Coletores menstruais deverão seguir regras da Anvisa,1.0
'Mulher mais pesada do mundo' perde 100 kg após cirurgia na Índia,1.0
Aplicativo ajuda a diagnosticar depressão em idosos de SP,1.0
Anvisa aprova proibição a termômetro e aparelho de pressão com mercúrio,1.0
As duas leis que ajudam o Japão a ser um dos países mais 'magros' do mundo,1.0
"Perdi 12 kg fazendo jejum, mas a ciência ainda não sabe se é algo seguro",1.0
"Poluição está associada à morte de 1,7 milhão de crianças todos os anos",1.0
"Brasil poderia tirar lições de outros sistemas de saúde, diz pesquisador",1.0
Como saber se alguém é acumulador compulsivo?,1.0
Síndrome de Williams torna as crianças extremamente extrovertidas,1.0
OMS divulga lista de superbactérias que são ameaças à humanidade,1.0
Estado dos EUA distribui caixas-berço de papelão para evitar mortes de bebês,1.0
Saiba como evitar seis DSTs que estão em alta entre jovens brasileiros,1.0
"Gosto por chocolate vem de estimulantes, açúcar e gordura",1.0
"Mulheres heterossexuais têm menos orgasmos, aponta estudo",1.0
Hospitais premiam médicos que indicam mais exames,1.0
Por que comer gordura é mais prejudicial para os homens?,1.0
Herpes zóster tem vacina? Quando posso tomar?,1.0
Páginas do Facebook usam fotos de crianças doentes por cliques e dinheiro,1.0
Entidade em tributo a Amy Winehouse ajuda dependentes químicas,1.0
"Dez porções diárias de frutas, verduras e legumes ajudam a viver mais",1.0
Testosterona melhora ossos mas aumenta riscos cardíacos em idosos,1.0
Como identificar sintomas da doença que causa cegueira repentina,1.0
Expectativa de vida de mulheres nascidas em 2030 deve passar dos 90,1.0
Anvisa proíbe uso de implante contraceptivo definitivo,1.0
Anvisa suspende propaganda de suplemento com fosfoetanolamina,1.0
Polêmica com Rita Lobo traz à tona debate sobre radicalismo alimentar,1.0
"Mundo precisa se preparar para uma pandemia, afirma Bill Gates",1.0
De Olívia para Oliver: a história de uma criança transgênero,1.0
Unicamp firma parceria para pesquisa com maconha,1.0
Tenho um mioma. Preciso operar?,1.0
Projeto reduz casos de dengue em 86% em cidade australiana,1.0
"'Pílula do câncer' vira suplemento, e Anvisa investigará se há infração",1.0
"Deficit de atenção pode estar ligado a tamanho do cérebro, diz estudo",1.0
Exames podem detectar autismo em crianças antes de sintoma aparecer,1.0
"Suplemento de vitamina D pode evitar gripes e resfriados, diz estudo",1.0
Jogadores de futebol são mais propensos a sofrer danos cerebrais,1.0
O segredo da Islândia para que seus jovens deixassem de beber e fumar,1.0
Indonésia confisca preservativos e proíbe Dia dos Namorados a alunos,1.0
Estudo mostra vulnerabilidades da placenta ao zika durante gestação,1.0
"Na epidemia de ebola, 3% dos doentes provocaram 61% dos contágios",1.0
Cientistas descobrem em verme gene contra a obesidade,1.0
"Personal trainer virtual, a nova moda em Paris",1.0
Aplicativos ajudam pais de primeira viagem a ver evolução e vigiar filhos,1.0
Foto de casal morto por câncer gera meio milhão de reais em doações,1.0
Barata viva é retirada da cabeça de uma mulher indiana,1.0
Cremesp inicia sindicâncias do caso Marisa e pode até cassar médicos,1.0
Testes genéticos são negligenciados em mulheres com risco de câncer,1.0
Óculos de lentes líquidas se adaptam a quase qualquer problema de visão,1.0
Hospitais e conselhos médicos querem reforçar regras sobre redes sociais,1.0
Droga para artrite reumatoide passará a ser distribuída no SUS,1.0
O homem salvo por um peito de titânio,1.0
Sete coisas que talvez você não saiba sobre as estrias,1.0
"Campeões em insônia, idosos precisam de atividades para dormir melhor",1.0
Descoberta nova forma de detecção precoce de câncer no pâncreas,1.0
Israel aprova exportação de maconha medicinal,1.0
É possível perder 2 centímetros de gordura abdominal em 4 semanas?,1.0
SOS Mau Hálito: dentistas usam até laser para tentar resolver o problema,1.0
Diverticulite provoca prisão de ventre? Tem cura?,1.0
Anvisa proíbe distribuição de canela com pelo de roedor,1.0
"Casos de zika caem, mas vigilância é essencial, diz OMS",1.0
Produtos químicos antiaderentes são comuns em embalagens de fast food,1.0
Teste de vacina contra zika tem sucesso em camundongos e macacos,1.0
Método permite ler mente de pessoas 'presas' nos próprios corpos,1.0
"Bariátrica menos invasiva, por vídeo, começará a ser realizada pelo SUS",1.0
"Vacina contra zika para mulheres em idade fértil só depois de 2020, diz OMS",1.0
Bengali pode ser a primeira menina com 'doença do homem-árvore',1.0
O que criações de porcos revelam sobre antibióticos e superbactérias,1.0
Meninas de 6 anos já não se acham inteligentes e desistem de atividades,1.0
Direito ao aborto ameaçado nos EUA após 44 anos,1.0
"Rótulos de alimentos terão que alertar sobre lactose, decide Anvisa",1.0
Teste indica as comidas que melhoram a flora intestinal,1.0
Fumo consome cerca de 6% do gasto com saúde e 2% do PIB mundial,1.0
Mulheres largam pílula e convocam parceiros a participar da contracepção,1.0
Erro de cálculo deixou dois estudantes na UTI por excesso de cafeína,1.0
"'O mais importante é saber quando não operar', diz neurocirurgião",1.0
A agonia da mulher que acordou da anestesia durante uma operação,1.0
"Outras cirurgias não sofrem todo esse preconceito, diz médico de Romário",1.0
'Está tudo na sua cabeça': preconceito contra doenças emocionais,1.0
Fico muito ansioso em público. O que pode ser?,1.0
Menina com câncer que teve canal do Youtube deletado afirma estar curada,1.0
Mulher sobrevive sem pulmão por seis dias à espera de um transplante,1.0
Estudo aponta relação entre depressão e mortalidade por câncer,1.0
A malhação não está funcionando?,1.0
Luva robótica ajuda funcionamento de coração doente,1.0
Pesquisa britânica diz que 1 em cada 10 mulheres sente dor durante o sexo,1.0
"Níveis de obesidade e sobrepeso no Brasil são preocupantes, diz ONU",1.0
Zika impede multiplicação celular e amadurecimento de neurônios,1.0
Risco de morte por câncer de colo do útero nos EUA é maior que o estimado,1.0
"Ao estudar emojis, psicólogos querem desvendar comportamento humano",1.0
O que fazer e não fazer quando se está com gripe ou resfriado,1.0
Militar morre após tratamento contra câncer com bicarbonato de sódio,1.0
Tirar uma soneca durante expediente pode nos tornar mais produtivos,1.0
Obstetras pedem testes de zika mesmo para grávidas sem sintomas,1.0
É normal ardência no nariz durante o exercício físico?,1.0
Coalizão internacional contra epidemias é anunciada em Davos,1.0
Alemanha legaliza maconha medicinal em caso de doenças graves,1.0
'Desafio do manequim' tenta conscientizar pessoas sobre Parkinson,1.0
"Contra alergias, bebês devem usar protetor solar só após os 6 meses",1.0
'Há meninas com pênis e meninos com vaginas': campanha gera polêmica,1.0
"Fazer xixi no parceiro, a 'chuva dourada', aparece em dossiê de Trump",1.0
Justiça autoriza pais a plantar maconha em casa para tratar filhos,1.0
Guia de posições sexuais promete ajudar pacientes com artrite e dor,1.0
É normal mulheres com mais de 40 anos perderem muito cabelo?,1.0
Consumo de adoçante dispara nos EUA e preocupa especialistas,1.0
Quatro mitos sobre os olhos ainda presentes no senso comum,1.0
Tabagismo custa US$ 1 trilhão e deve matar 8 milhões por ano até 2030,1.0
Cientista ensina como ter sucesso no trabalho ao controlar distração digital,1.0
Exercícios físicos só de fim de semana também podem ser benéficos à saúde,1.0
Game faz desconhecidos ajudarem no diagnóstico de malária,1.0
"Solidão pode ser veneno para a saúde de idosos, dizem estudos",1.0
Por que você deveria lavar as toalhas de banho com mais frequência,1.0
Paciente bariátrico chega a perder dentes sem acompanhamento médico,1.0
Mortalidade por câncer caiu 25% em 25 anos nos EUA,1.0
Nova lei francesa busca modelo de doação de órgãos mais preciso,1.0
"Viver próximo a vias movimentadas aumenta risco de demência, diz estudo",1.0
"Em teste, vacina à base de parasita protege voluntários contra malária",1.0
"'Na sexta era presidente da Fiocruz, na segunda, não era mais', diz médica",1.0
Governo Temer recua e nomeará mais votada para presidir Fiocruz,1.0
Anvisa suspende venda de lotes de remédios como Dipirona e Epocler,1.0
Você come rápido? Estudos buscam elo entre mastigação e obesidade,1.0
Mulheres com diabetes podem ter problemas na gravidez?,1.0
Eleição para presidência da Fiocruz gera embate com Ministério da Saúde,1.0
Arte pode mostrar sinais de doenças como Parkinson e Alzheimer,1.0
Útero doado oferece uma nova chance de dar à luz,1.0
Óvulos de 26 mulheres podem ter sido fecundados por esperma errado,1.0
As incríveis invenções que facilitam a vida de idosos no Japão,1.0
A moda e os riscos dos suplementos de testosterona para reaver desejo sexual,1.0
"Obesidade não tem tratamento único pois há diversos tipos, dizem médicos",1.0
Os bebês nascidos em clínicas para reabilitação de dependentes químicos,1.0
Não tomar banho e outros pecados que sabotam seu corpo depois do exercício,1.0
Por que os homens ainda vivem menos do que as mulheres?,1.0
Doença rara e progressiva faz homem repensar a morte,1.0
"'Custo da saúde só é real se subtrair a ineficácia', diz presidente do Einstein",1.0
"Carne processada pode piorar asma, indica estudo",1.0
É normal acordar durante a noite para urinar?,1.0
OMS anuncia vacina eficaz contra o ebola,1.0
Medo de zika faz brasileiras adiarem plano de ser mãe,1.0
"El Niño contribuiu para epidemia de zika na América do Sul, afirma estudo",1.0
"Excesso de Facebook no Natal deixa pessoas deprimidas, diz pesquisa",1.0
Anvisa suspende produção de vacina que protege bebês contra tuberculose,1.0
O segredo do presente perfeito? Aquele que a pessoa pediu,1.0
'Um beijo do meu marido pode me matar': a mulher alérgica a tudo,1.0
Perda de memória e envelhecimento acelerado: os danos da obesidade,1.0
Anvisa aprova nova droga para controle da obesidade,1.0
Nanossondas ajudam cirurgiões a detectar células cancerosas,1.0
Terapia com laser e bactéria cura 49% dos pacientes com câncer de próstata,1.0
"Antes inimiga das dietas, gordura ganha espaço e divide nutricionistas",1.0
Pai que perdeu filha cria robô inteligente que detecta infecção grave,1.0
Procura por testes genéticos cresce após caso de Angelina Jolie,1.0
Descamação ao redor da boca é sinal de doenças? Como curar?,1.0
Aborto tem impacto pequeno na saúde mental das mulheres,1.0
Indústrias de alimentos criam regras de publicidade para crianças,1.0
"'Meu filho é um milagre', diz jovem que teve ovário congelado na infância",1.0
Americana explica por que decidiu parar de querer controlar marido,1.0
Por que algumas regiões do Brasil não conseguem vencer a hanseníase?,1.0
O professor que explica por que doar seu corpo para ser dissecado,1.0
'Vai dar tudo certo' e o que não se deve dizer a alguém com câncer,1.0
Quando beber muita água pode ser prejudicial à saúde,1.0
Cabelos platinados atraem jovens e quem quer assumir os fios brancos,1.0
Jejum prolongado pode aumentar a produtividade no trabalho?,1.0
"37 minutos: bebê para de respirar, mas vive graças a temperatura reduzida",1.0
Cientistas criam técnica que controla diabetes em camundongos sem injeção,1.0
É verdade que estalos no pescoço são um problema?,1.0
Surto de zika na Colômbia aumentou em quatro vezes casos de microcefalia,1.0
"Psicoses podem ser fruto de reação imunológica tratável, diz pesquisa",1.0
Escritora se arrepende de ser mãe e diz que tem motivos para odiar crianças,1.0
"Raspar ou depilar pelos pubianos aumenta riscos de DSTs, diz estudo",1.0
Crescimento do uso de cigarros eletrônicos preocupa EUA,1.0
"Mesmo mais velhos, EUA veem demência cair",1.0
Ansiedade à genética: por que até 30% da população mundial rói as unhas?,1.0
"Qualidade do espermatozoide pode aumentar com exercícios, diz estudo",1.0
Escorbuto reaparece na Austrália devido a dietas pouco variadas,1.0
Justiça australiana aprova cirurgia de redesignação de gênero de criança,1.0
Adolescentes criam versão barata de remédio que teve preço aumentado,1.0
Droga para tratar câncer raro está há oito anos na fila para liberação,1.0
"'Achei que minha boca ia explodir', diz mulher que fez preenchimento facial",1.0
Adulto 'chato pra comer' pode ter vidas social e profissional afetadas,1.0
Vício em trabalho pode ser risco para a saúde,1.0
Australiano que nasceu sem os quatro membros fala sobre bullying,1.0
"É verdade que dor na canela, canelite, tem cura?",1.0
Holandês que não conseguia superar alcoolismo opta pela eutanásia,1.0
"Aos 117, mulher mais velha do mundo come muitos ovos e poucos vegetais",1.0
Número de soropositivos cresce 10% ao ano na Rússia,1.0
Vacina contra Aids começará a ser testada na África do Sul,1.0
Educação postural entra no debate sobre desafios pedagógicos,1.0
Texas tem primeiro caso de zika provavelmente transmitido por Aedes,1.0
"Vinagre de maçã ganha popularidade, mas há dúvidas sobre sua ação",1.0
"Dependendo da quantidade, mercúrio em peixes pode prejudicar saúde",1.0
Especialistas dão dicas de como contar a uma criança que ela tem câncer,1.0
"Após 3 anos, cigarros com sabor voltam à pauta do STF",1.0
Dentistas apostam em formas de tratar a cárie sem o motorzinho,1.0
Laboratório brasileiro importa 10 kg de maconha para fazer remédio,1.0
Danos da zika estão longe de ser totalmente compreendidos,1.0
Citomegalovírus (CMV) também é responsável por casos de microcefalia,1.0
"Europeus vivem cada vez mais, mas nem sempre com boa saúde, diz estudo",1.0
Maior taxação de bebidas açucaradas pode ajudar na luta contra obesidade,1.0
Anvisa aprova critérios para uso de medicamento à base de maconha,1.0
Estudos mostram prejuízo causado por vírus da zika mesmo após nascimento,1.0
"Não se deve nunca na vida obrigar os filhos a comer, diz pediatra espanhol",1.0
Dobra número de pessoas com Aids que recebe tratamento,1.0
Comer antes de dormir pode alterar o organismo e os processos digestivos,1.0
"Na Rocinha, uma mesma rua vive diferentes extremos da tuberculose",1.0
Tenho incontinência urinária. Como posso me tratar?,1.0
Cientistas testam ímãs para fixar bolsas de colostomia e próteses,1.0
"Dependência de álcool e drogas é crise de saúde pública, diz relatório dos EUA",1.0
"Indústria farmacêutica age como o crime organizado, diz pesquisador",1.0
"Diário em tópicos, 'bullet journal' ajuda na organização cotidiana",1.0
"Mulher com alergia à água sofre com banhos, chuva e até com próprio suor",1.0
"Pessoas têm mais medo de prejudicar família do que de morrer, diz pesquisa",1.0
É verdade que pessoas com artrose não podem fazer exercícios?,1.0
Teste de HIV em pendrive é desenvolvido,1.0
"Ser 'hipocondríaco' pode elevar risco de doenças cardíacas, diz estudo",1.0
Vida de menina com síndrome de Down inspira livro,1.0
França reembolsa R$ 500 para ajudar fumantes a abandonar o vício,1.0
"Por saúde e tranquilidade, mais mulheres param de menstruar",1.0
É verdade que lâmpadas LED fazem mal para a saúde?,1.0
Um maço de cigarro ao dia produz 150 mutações no pulmão por ano,1.0
Não faz sentido que homens sintam os efeitos colaterais dos contraceptivos,1.0
Anticoncepcional injetável masculino avança em testes,1.0
Nova droga impede formação de proteína que causa alzheimer,1.0
Americano desenvolve hepatite após consumo excessivo de energético,1.0
Perda do hábito de amamentar traz problemas para crianças no Paquistão,1.0
Quase metade dos brasileiros não lê rótulos de alimentos,1.0
Câncer matará mais de 5 milhões de mulheres por ano em 2030,1.0
Overdoses por analgésicos opioides dobram entre jovens americanos,1.0
Superproteger não garante segurança e prejudica independência de crianças,1.0
Cerca de 300 milhões de crianças estão expostas a ar perigosamente poluído,1.0
"Aos 105 anos, britânica faz ioga, dirige carro e bebe vinho quase todo dia",1.0
Intuição dos pais é crucial na hora de achar a melhor terapia antiautismo,1.0
"Vejo pontos escuros, moscas volantes. Tem tratamento?",1.0
"Dormir no quarto dos pais reduz mortes de bebês, dizem pediatras",1.0
"Epidemia de Aids chegou aos EUA antes do que se pensava, diz estudo",1.0
Estudo traça chegada do HIV em Nova York na década de 70,1.0
Poluição a longo prazo aumenta risco de hipertensão arterial,1.0
"Mulheres já bebem quase tanto quanto os homens, diz estudo",1.0
"Bebê é retirada de útero, operada, e colocada de volta por mais três meses",1.0
Avanço da idade deixa mais mulheres sozinhas do que homens,1.0
Como se manter saudável com uma dieta vegana,1.0
Qual é a doença do mês? Campanhas disputam espaço no calendário,1.0
Tomo finasterida para queda capilar. Corro risco de impotência?,1.0
"'Não sou seu filho, sou sua vítima', diz jovem ao pai que o infectou com HIV",1.0
Leite de marsupiais pode ajudar no combate às superbactérias,1.0
Deficientes visuais usam maquiagem para marcar independência,1.0
Projeto cria músicas sobre vida do paciente para tentar frear Alzheimer,1.0
Tenho anemia falciforme e é difícil engordar. O que faço?,1.0
OMS diz que epidemia de tuberculose é mais grave do que se esperava,1.0
A rara síndrome pós-orgasmo que só afeta homens,1.0
OMS sugere que países taxem bebidas açucaradas como sucos e refrigerantes,1.0
Medicamento semanal para diabetes tipo 2 é lançado,1.0
Clitóris 3D ensina anatomia em escolas e desmistifica prazer feminino,1.0
Células-tronco obtidas da pele de macacos ajudam a regenerar corações,1.0
"Surtos de zika na Ásia-Pacífico são ""altamente prováveis"", diz OMS",1.0
Unicef afirma que Iêmen passa por surto de cólera,1.0
Medicação para câncer de pele é aprovada,1.0
"Regra dos 5 segundos não funciona, diz pesquisa americana",1.0
"Para ajudar quem se acha 'errado e estranho', jovem fala de depressão",1.0
"Mesmo com vários remédios, não controlo diabetes. Há algo errado?",1.0
Ciência aponta o melhor remédio para o mau hálito deixado pelo alho,1.0
"Após recorde de 122 anos, a tendência é que as pessoas vivam até os 115 anos",1.0
Notícias sobre erradicação do HIV? Muita calma nessa hora,1.0
"É inútil tentar moldar os filhos e entupi-los de atividades, diz psicóloga",1.0
Políticos japoneses simulam gravidez para que homens façam tarefas de casa,1.0
Estudo de processo de reciclagem em células rende Nobel a japonês,1.0
Fim de jejum para exames pode estar próximo,1.0
Estudos comprovam papel protetor das estatinas,1.0
Por que hemoglobina glicada ajuda a diagnosticar diabetes?,1.0
"Uma em cada dez crianças com HIV é imune à Aids, indica estudo",1.0
Paciente sobrevive a complexo transplante de múltiplas vísceras,1.0
"Ficar sozinho pode ser a melhor maneira de descansar, diz pesquisa",1.0
"Segunda 'mãe' contribuiu com apenas 0,17% dos genes do bebê",1.0
Continente americano é a primeira região no mundo a erradicar sarampo,1.0
Anvisa suspende prazo para início da rastreabilidade de medicamentos,1.0
Cientista diz ter inventado 'álcool que não dá ressaca nem lesiona fígado',1.0
Vasto cardápio de pornô on-line pode dificultar relações na vida real,1.0
"Enjoos matinais podem significar menor chance de aborto, diz estudo",1.0
Tenho pedras na vesícula. Espero pelos sintomas ou opero logo?,1.0
Vacina de DNA protege macacos contra a zika,1.0
ONU se mostra preocupada com resistência a antibióticos,1.0
Anvisa propõe critérios para alerta sobre lactose nos rótulos de alimentos,1.0
Pessoas com gene da obesidade respondem bem a dietas e exercícios,1.0
Exposição à luz intensa 'melhora satisfação sexual em homens',1.0
"Na era da selfie, tem academia que até ajuda aluno a tirar foto perfeita",1.0
"Beber um copo de cerveja pode deixar as pessoas mais sociáveis, diz estudo",1.0
Ausência de mercados perto de casa pode piorar qualidade da dieta,1.0
Entidades querem acesso fácil à adrenalina para tratar crises alérgicas,1.0
Na minha cirurgia cardíaca um ponto ficou frouxo. Devo reoperar?,1.0
Como a indústria do açúcar empurrou a culpa para a gordura,1.0
Monitorar câncer de próstata é tão eficaz quanto tratamento clássico,1.0
A luta de um grupo de crianças contra as doenças mais raras do mundo,1.0
Competição escolhe melhor inovação para deficientes,1.0
"Cadeira é boa, mas realidade do Brasil desafia o modelo",1.0
"Participantes têm que se descolar da realidade, diz psicóloga reality show",1.0
Até 60% das pessoas internadas estão desnutridas,1.0
Grupo identifica bactéria do tifo do mato no sul do Chile,1.0
"Gastamos muito dinheiro para tratar pessoas normais, diz psiquiatra",1.0
Dietas com suplementação natural podem melhorar visão,1.0
"Na menopausa, existem alimentos que substituam hormônios?",1.0
Cientistas de SP obtêm leite de vaca que não dá alergia,1.0
"Estudo mede chance de estatina causar diabetes, derrame e miopatia",1.0
Poluição atmosférica causa uma em cada dez mortes no mundo,1.0
"Exercícios físicos podem ajudar a compensar danos do álcool, diz estudo",1.0
Pesquisadores descobrem drogas que previnem e curam malária em roedor,1.0
"Vírus da zika encontrado nos olhos pode levar à cegueira, afirma estudo",1.0
Sexo frequente na terceira idade é bom para mulheres e perigoso para homens,1.0
"Força dos relacionamentos é chave para vida longa e feliz, diz pesquisa",1.0
Povoado italiano revela segredo da longevidade de seus habitantes,1.0
Menino diz estar feliz um ano após receber transplante duplo de mãos,1.0
Agência americana suspende venda de 2.100 sabonetes antibacterianos,1.0
Quais alimentos ajudam a tratar ataxia? Coenzima q10 ajuda?,1.0
Droga experimental mostra ação 'impressionante' contra Alzheimer,1.0
OMS recomenda novos tratamentos para infecções de transmissão sexual,1.0
"Filtros em rede social podem revelar indícios de depressão, diz estudo",1.0
Novo estudo associa surdez em bebês à infecção pelo vírus da zika,1.0
"Com alisamento, implante e tintura, sobrancelha vira o centro das atenções",1.0
Vermífugo para solitária se mostra promissor contra zika,1.0
Disney distribui repelentes para conter medo de infecção por zika,1.0
'Doping da beleza': Os riscos do uso constante de anabolizantes,1.0
Descoberta do zika no Brasil provocou mágoa entre pesquisadores,1.0
Italiana é a mãe do primeiro bebê com material genético do zika no cérebro,1.0
Homem sem sintomas infectou parceira sexual com zika nos EUA,1.0
"'Sou viciado em pornografia e nunca fiz sexo', diz britânico de 31 anos",1.0
EUA investem US$ 30 milhões em projetos contra zika,1.0
Terceira idade asiática custará 20 bilhões de dólares nos próximos anos,1.0
Cientistas apontam mais oito tipos de câncer ligados ao excesso de peso,1.0
Efeitos graves da zika são notados em bebê após 6 meses de nascimento,1.0
Transmissão local de zika na Flórida chega à costa oeste do Estado,1.0
Imagens mostram ação da zika em bebês ainda no útero,1.0
"Criança deve comer no máximo 25g de açúcar por dia, diz associação dos EUA",1.0
Alto índice de agricultores gaúchos com câncer põe agrotóxicos em xeque,1.0
"Virgindade perde peso, mas beleza e finanças ainda influenciam romance",1.0
Projeto de lei relacionado à ELA é rejeitado por corpo técnico da Câmara,1.0
Anvisa suspende lotes de calmantes por falhas em testes e embalagem,1.0
Menino de 3 anos tem pernas e dedos amputados por erro de diagnóstico,1.0
Médico americano que erradicou a varíola morre aos 87 anos,1.0
"Série 'Unidade Básica' resgata médico focado no paciente, diz Caco Ciocler",1.0
"Aguardada por médicos, série de TV retrata unidade de saúde de SP",1.0
"Governo confirma cinco casos de zika na turística Miami Beach, nos EUA",1.0
Pessoas com ELA sofrem para conseguir os benefícios do INSS,1.0
"'Gordinhos olímpicos', apesar de exercício, ainda correm risco de saúde",1.0
Ativistas da área de saúde defendem governo de acusação de farmacêuticas,1.0
Sindicato de farmacêuticas acusa ministério de infringir regra sanitária,1.0
Médicos suíços lançam registro internacional de grávidas com zika,1.0
Fumigação preocupa moradores de região com zika em Miami,1.0
A mulher que vive com um rim de cem anos doado pela sua mãe,1.0
Monitoramento de pais nas redes sociais pode evitar pedofilia e bullying,1.0
Estudo encontra possível gene da sociabilidade,1.0
Doença misteriosa faz menino de Bangladesh parecer idoso,1.0
Estudos não comprovam eficácia das ventosas de Phelps,1.0
Icesp usará robôs para ensinar cuidado em casa a pacientes e familiares,1.0
Prêmio Octavio Frias de Oliveira será entregue nesta terça,1.0
"Millennials são a geração com mais inativos sexualmente, diz estudo",1.0
Governo articula núcleo para frear ações na saúde,1.0
"Laboratório de envelhecimento, cidade do RS se torna 'amiga do idoso'",1.0
"Em Veranópolis, idosas criam cardápio de restaurante com receitas antigas",1.0
Estudo que mostra como a saliva ajuda a avaliar câncer leva prêmio,1.0
Médico baiano ganha prêmio por filantropia na área oncológica,1.0
"Para ser boa, cirurgia com robô depende de bom médico",1.0
Poeira de fazenda oferece pistas para prevenção da asma,1.0
Uma hora diária de exercício anula danos de ficar oito horas sentado,1.0
Dois bebês nascem com microcefalia associada a zika na Califórnia,1.0
Anvisa suspende medicamentos para emagrecer e para estômago,1.0
Universitária descobre trombose após uso contínuo de anticoncepcional,1.0
"Fio dental pode não ser tão eficaz quanto se pensava, dizem estudos",1.0
EUA vão iniciar teste clínico de vacina de DNA contra a zika,1.0
Hambúrguer sem carne para carnívoros é lançado nos EUA,1.0
Elogiar demais as crianças pode gerar um duro golpe na autoestima,1.0
Cientistas dizem ter resolvido mistério do orgasmo feminino,1.0
EUA confirmam mais dez casos de transmissão local da zika na Flórida,1.0
Casos caem e expectativa é que poucos turistas sejam infectados pela zika,1.0
Artista que já foi homem e mulher conta por que agora tem gênero neutro,1.0
Diagnóstico insensível ou 'na lata' pode atrapalhar tratamento médico,1.0
Como saber se posso tomar vacina contra a gripe?,1.0
Homem que recebeu transplante duplo de mãos diz preferir próteses,1.0
Miami suspende doações de sangue para evitar transmissão de zika,1.0
Nova droga contra o mal de Alzheimer vai bem em teste,1.0
Mais remédios serão vendidos sem receita nas farmácias,1.0
"Cirurgias robótica e tradicional têm resultados iguais, diz estudo",1.0
EUA investigam dois novos casos de suspeita de transmissão local de zika,1.0
Desafio do balde de gelo leva a descoberta de gene de esclerose,1.0
Paraguai informa sobre os primeiros casos no país de microcefalia por zika,1.0
OMS caminha para tirar identidade transgênero de manual de doenças,1.0
Paraná iniciará campanha de vacinação contra a dengue em agosto,1.0
"Ao suar por uma boa selfie, 'atletas' podem passar dos limites",1.0
Zika pode afetar 'dezenas de milhares' de bebês na América Latina,1.0
Nasce primeiro bebê com microcefalia provocada pela zika na Europa,1.0
Saiba como descobrir se você pode ter diabetes,1.0
'Biópsia líquida' para monitorar câncer passa a ser oferecida no país,1.0
"Todo paciente tem um preço, afirma farmacoeconomista",1.0
É verdade que comer maçã é bom para tratar a rouquidão?,1.0
Nova York registra primeiro caso de microcefalia ligado ao zika,1.0
Europa dá sinal verde a tratamento preventivo contra o HIV,1.0
Zika é detectado em esperma 3 meses depois da infecção,1.0
Cientistas dizem ter encontrado caminho para reverter menopausa,1.0
Conselho de medicina aprova nova terapia para aumento da próstata,1.0
Alckmin anuncia início de testes da 'pílula do câncer' em humanos,1.0
Tratamento preventivo contra o HIV deve chegar ao SUS até o início de 2017,1.0
"Até metade dos alimentos produzidos no mundo acaba no lixo, diz ONU",1.0
"2,5 milhões de pessoas por ano são infectadas com HIV, diz estudo",1.0
"Depois de ter H1N1, mulher recebe coração e pulmões artificiais e dá à luz",1.0
"Guru da arrumação, Marie Kondo lança guia ilustrado contra a bagunça",1.0
Tomar banho quente ou imaginar que faz exercício substitui atividade física?,1.0
Calor fora de época não deixa aedes 'sumir',1.0
Tenho osteoporose. É segura a medicação que me indicaram?,1.0
EUA registram transmissão sexual do zika de mulher para homem,1.0
"Epidemia de zika pode acabar em três anos, diz estudo na 'Science'",1.0
Velhos demais para o sexo? Não nesta casa de repouso,1.0
"Obesidade diminui expectativa de vida em até dez anos, aponta novo estudo",1.0
Gene dos ruivos pode aumentar risco de câncer de pele,1.0
"Adoçantes artificiais aumentam apetite, mostra estudo",1.0
"Brasil lidera novos casos de HIV na América Latina, diz Unaids",1.0
Depilação íntima nos EUA segue os passos do Brasil e vira norma,1.0
"Crianças que chupam o dedo ou roem unhas têm menos alergias, diz estudo",1.0
Idosa que pegou vírus da zika em viagem morre nos EUA,1.0
"Meu pai tem mielofibrose, um câncer raro. Existem tratamentos paliativos para a doença?",1.0
"Adolescente come pouca fruta e não larga doces e refrigerante, diz pesquisa",1.0
Produtos do dia a dia escondem químicos potencialmente perigosos,1.0
"Relação de vírus bovino com zika e microcefalia é frágil, diz pesquisador",1.0
Governo obriga indústria a informar presença de lactose no rótulo,1.0
Mãe relata batalha de filho de dez anos que pesa 188 kg,1.0
"Estimular centro de prazer do cérebro aumenta imunidade, aponta estudo",1.0
"Nas férias, crianças vivem desafios do acampamento sem celular",1.0
"Brasileiros comem poucas frutas, verduras e legumes, aponta estudo",1.0
Rótulos de alimentos deverão ter alerta para alérgicos a partir de hoje,1.0
"Jornalista americana relata história de pai que, aos 76, virou Stéfanie",1.0
Tive celulite ocular. O que é isso e qual a causa da doença?,1.0
Inserção de atividade física no dia a dia ajuda a ir bem na escola,1.0
"Brasil reduz sódio em alimentos, mas ainda está longe da meta",1.0
Bactéria da hanseníase se 'disfarça' de vírus e engana sistema imunológico,1.0
Pesquisa mapeia fatos e angústias da vida sexual do brasileiro,1.0
Empresa quer fazer primeiro remédio brasileiro à base de maconha,1.0
"Antibiótico impede infecção por zika, mas ainda não se sabe ao certo como",1.0
Cientistas acreditam que manipulação da flora intestinal possa curar doenças,1.0
"Sou obeso, compulsivo e dependente químico. Devo fazer bariátrica?",1.0
A peça que os vírus da dengue e da zika pregaram nas fabricantes de vacinas,1.0
"'Meu pai me injetou HIV quando eu era bebê', diz criador de ONG",1.0
"Quem já teve dengue pode estar mais vulnerável ao vírus da zika, diz estudo",1.0
Anvisa irá propor regras para alimentos integrais,1.0
'Superanticorpo' impede infecção por HIV em humanos,1.0
O bebê que surpreendeu os médicos ao sobreviver com cérebro fora do crânio,1.0
"Zika faz com que encomendas de pílula abortiva dobrem no Brasil, diz estudo",1.0
Pesquisa da USP associa vírus da zika a inflamação nos olhos em adultos,1.0
É possível ser 'gordo' e ao mesmo tempo estar em boa forma?,1.0
Tipo de câncer do ator Edson Celulari tem boas chances de cura,1.0
Nova terapia para tumor de mama é mais prática e ecológica,1.0
Como falar de assédio com as crianças?,1.0
Veja o que a ciência já descobriu e o que ainda não se sabe sobre maconha,1.0
Como tratar de disfunção erétil e aumento da próstata?,1.0
"'Estudos de neurociência superaram a psicanálise', diz pesquisador brasileiro",1.0
Empresa sueca desenvolve camisinha mais resistente a rompimento,1.0
"Adultos podem desenvolver deficit de atenção, diz pesquisa brasileira",1.0
"À espera de transplante, americano vive 555 dias sem coração",1.0
"Beber café ou chá muito quente pode causar câncer no esôfago, diz OMS",1.0
Anvisa cria guia para ajudar médicos na prescrição de fitoterápicos,1.0
'Recauchutagem' de célula de defesa ajuda a combater leucemia,1.0
Rede social e CVV lançam ferramenta para prevenir suicídio,1.0
"Consumo de cereais integrais pode aumentar longevidade, aponta estudo",1.0
Terapia especializada em 'luto complicado' ganha espaço no país,1.0
Folha realiza fórum sobre saúde em tempo de recessão em SP,1.0
"Olivia Byington escreve livro sobre o filho João, que tem síndrome rara",1.0
"Usar maconha por anos não faz tão mal para a saúde física, diz estudo",1.0
Fumar no inverno é pior para a saúde?,1.0
OMS recomenda que pessoas de países com o vírus da zika adiem a gravidez,1.0
Jovens brasileiros querem envelhecer como Mick Jagger ou Tina Turner,1.0
Combinação de novas drogas deve turbinar luta contra o câncer,1.0
"Deixar o bebê chorando no quarto pode ensinar a dormir, diz estudo",1.0
Programa bilionário dos EUA pretende dar 'tiro na Lua' contra o câncer,1.0
Não caminhar durante o trabalho pode ser tão perigoso quanto fumar?,1.0
Cópia de medicamento pode reduzir custo do tratamento contra câncer,1.0
Livro conta como guerras fizeram a medicina evoluir,1.0
Médicos usam sites de busca e redes sociais para mapear doenças,1.0
Qual é a causa da colite ulcerativa? Tem cura?,1.0
Quimioterapia 'expressa' melhora tratamento contra câncer de ovário,1.0
Estudo liga câncer de próstata ao tamanho da cintura,1.0
Cientistas acreditam que zika possa ser transmitido por beijo e sexo oral,1.0
Novo teste aponta que 'pílula do câncer' retarda tumor de pele,1.0
Discussão sobre sistema nacional para rastrear medicamentos será adiada,1.0
Alimentos devem ter advertência no rótulo para alérgicos a partir de julho,1.0
Sistema nacional para rastrear medicamentos deve sair só em 2021,1.0
'Pílula do câncer' é reprovada mais uma vez em novos testes,1.0
Piracicaba vai expandir o uso de mosquitos geneticamente modificados,1.0
Casar engorda? Estudos analisam as dietas de solteiros e comprometidos,1.0
"Em livro, blogueira conta aspectos negligenciados sobre o diabetes",1.0
'Síndrome da pessoa elástica' pode afetar articulações e até o coração,1.0
Como evitar uma nova infecção cutânea?,1.0
Indústria tenta adiar prazo para incluir alergênicos em rótulos,1.0
"Probióticos são inúteis, OGMs são seguros e o glúten é necessário",1.0
Mulher de 60 anos quer usar óvulos de filha morta e gerar o próprio neto,1.0
Sociedades médicas recomendam cirurgia bariátrica para tratar diabetes,1.0
Inscrições para prêmio de oncologia do Icesp são prorrogadas até o dia 3,1.0
"Celular na cama atrapalha o sono, mas há truques para driblar o malefício",1.0
"Pela primeira vez, mosquito com zika é encontrado na natureza no Brasil",1.0
Injeção de bolhas ajuda a tratar infarto,1.0
Equipe acha genes ligados a gêmeos fraternos,1.0
Qual pode ser a causa de problemas de memória em jovens?,1.0
Hormônio consegue reverter envelhecimento de células em teste,1.0
"Expectativa de vida mundial sobe cinco anos, mas ganho é desigual",1.0
"Decisão que suspende liberação da ""pílula do câncer"" é positiva, diz Anvisa",1.0
"Em liminar, STF suspende lei que autoriza pílula do câncer",1.0
Neurocirurgião de 37 anos deixa biografia sobre câncer terminal,1.0
'Alguém precisou morrer para eu ter um pênis',1.0
Exercícios curtos e exaustivos são alternativa a jornada na academia,1.0
Homem recebe primeiro transplante de pênis dos Estados Unidos,1.0
"Sem aval da Anvisa, pílula do câncer não vai para o SUS, diz ministro",1.0
5 benefícios da masturbação que talvez você não conheça,1.0
Folha estreia blog com dicas sobre fitness e vida saudável,1.0
Coração e pulmão artificiais salvam vidas de gestante com gripe H1N1,1.0
Vício em analgésicos à base de ópio explode nos EUA,1.0
Justiça suspende distribuição da 'pílula do câncer' em SP e MS,1.0
"Em parte da África, 3 em 4 pessoas com Aids não recebem tratamento",1.0
Viciados em drogas usam remédios de diarreia para controlar abstinência,1.0
Contabilista com doença rara lança biografia e dá palestras motivacionais,1.0
Cientistas desenvolvem 'segunda pele' para esconder rugas e olheiras,1.0
Idosos buscam alternativas para continuarem morando sozinhos,1.0
Técnica reduz chance de transmitir malária por transfusão de sangue,1.0
Transfusão de sangue pode transmitir vírus da dengue e da zika,1.0
"Estudo mapeia bactérias de banheiros, caixas eletrônicos e elevadores do HC da USP",1.0
"Brasileiros estão entre os que menos dormem, revela estudo",1.0
"Quais aparelhos cansam menos a vista: tablet, leitor digital ou celular?",1.0
Médicos promovem 'vaquinha' para centro de câncer em Manaus,1.0
Drogas devem vir antes de vacina antizika,1.0
Governo americano endurece as regras para a indústria do cigarro eletrônico,1.0
"'Engessamento me fez deixar o país', diz a neurocientista Suzana Herculano",1.0
Bactéria é usada para 'vacinar' Aedes contra zika,1.0
"Seis anos após reality show, participantes recuperam peso perdido",1.0
"Tirar filho do pedestal pode aliviar culpa da maternidade, diz psicanalista",1.0
"Uma em cada quatro mães tem sinais de depressão pós-parto, diz estudo",1.0
Por que a asma piora quando a temperatura cai?,1.0
Pacientes do SUS serão os primeiros voluntários de estudo com 'pílula do câncer',1.0
Prêmio de oncologia do Icesp abre inscrições,1.0
Folha estreia o blog 'Cadê a Cura?' sobre doenças e tratamentos,1.0
Vacina para abortos recorrentes usada há 20 anos no país é proibida,1.0
Maquiagem é usada para redesenhar o corpo e até 'aumentar' os seios,1.0
Meninas são mais ansiosas que meninos?,1.0
Exposição na Santa Casa mostrará antigos desenhos da anatomia humana,1.0
Alteração hormonal da gravidez agrava infecção pelo vírus H1N1,1.0
Homeopatia ainda busca respaldo científico,1.0
"Efeito placebo é ótimo e deveria ser mais explorado, diz acupunturista",1.0
Pessoas com deficiência fazem sucesso em redes sociais ao mostrar rotina fitness,1.0
Tumor é reclassificado como benigno e deve reduzir retirada da tireoide,1.0
"Quando bem feita, correção de septo é definitiva, diz médico",1.0
Grupo consultivo convocado pela OMS recomenda vacina contra a dengue,1.0
Anvisa estuda ir à Justiça contra liberação da pílula do câncer,1.0
"Ministério da Saúde sugere receita controlada da ""pílula do câncer""",1.0
Associações de pacientes não recomendam uso da 'pílula do câncer',1.0
"No caso da pílula do câncer, política venceu a cautela",1.0
Maior número de ejaculações está ligado a menor risco de câncer,1.0
"Vírus da zika causa microcefalia, conclui agência de saúde dos EUA",1.0
Vídeos de crianças abrindo brinquedos viram febre na web e geram polêmica,1.0
Cirurgia plástica reparadora cresce mais que a estética no Brasil,1.0
Cientistas estudam 'dissolução do ego' e outros efeitos do uso de LSD,1.0
Academias fazem competições para ver quem perde mais peso,1.0
Cientistas brasileiros ligam zika a novo distúrbio cerebral em adultos,1.0
"Experimental, cirurgia bariátrica feita por Faustão vai bem em teste",1.0
Dormir sempre do mesmo lado faz mal pra coluna e pra postura?,1.0
Soro brasileiro antiveneno de abelha será testado em humanos,1.0
"Um quinto dos brasileiros consome doces em excesso, diz pesquisa",1.0
Procurador pede prisão de ministro e secretário da Saúde por canabidiol,1.0
Cirurgia rara expande tórax de menina em hospital de SP,1.0
Número de diabéticos chega a 400 milhões no mundo,1.0
Laboratório do país entra em grupo internacional para criar novas drogas,1.0
Anvisa aprova nova droga contra câncer de pulmão e melanoma,1.0
"Em livro, ator Aziz Ansari ensina como se dar bem na paquera digital",1.0
"Após cirurgia, quando é possível retomar atividade física?",1.0
OMS diz que há 'consenso forte' de que zika causa a microcefalia,1.0
USP fecha laboratório que produzia 'pílula do câncer',1.0
USP faz representação criminal contra criador da 'pílula do câncer',1.0
EUA relaxam regras para uso da pílula abortiva e ampliam período de uso,1.0
Governo fará nova parceria com escolas para vacinação contra o HPV,1.0
Ministro quer legalização da 'pílula do câncer' como suplemento alimentar,1.0
Dietas fogem da contagem de calorias e agora controlam a glicemia,1.0
Micróbios da mãe moldam sistema de defesa do bebê ainda no útero,1.0
"Governo deveria dar educação sexual na campanha de zika, diz pesquisadora",1.0
Por que quem tem lúpus deve evitar se expor ao sol?,1.0
"Homens com zika devem esperar 6 meses antes de ter filhos, dizem EUA",1.0
"Entrada do zika no Brasil pode ter sido na Copa das Confederações, em 2013",1.0
Criador da 'pílula do câncer' rebate resultados negativos de estudos,1.0
Anvisa vai recomendar que Dilma Rousseff vete a 'pílula do câncer',1.0
Teste de zika será exigido para casais que buscam reprodução assistida,1.0
Senado aprova 'pílula do câncer' após resultado negativo em teste,1.0
"Médicos usam técnica de ""costura facial"" para tratar flacidez",1.0
'Pílula do câncer' é reprovada em primeiro teste oficial,1.0
"Anvisa autoriza prescrição de remédio com THC, princípio ativo da maconha",1.0
Casal de brasileiros cria técnica de exame de fezes mais humanizado,1.0
Preciso operar uma hérnia mesmo sem sintomas?,1.0
Pesquisa detecta 82% de infecções por zika em grávidas de Jundiaí,1.0
Audiência sobre a judicialização da 'pílula do câncer' tem vaia e bate-boca,1.0
Adolescentes brasileiros têm taxas ruins de colesterol,1.0
"Após resultado de exame de colesterol, jovem começou a fazer exercícios",1.0
Resultado de estudo é um alento diante da histeria com o zika,1.0
"Risco de microcefalia causada pelo vírus da zika é de 1%, diz estudo",1.0
Quaresma é utilizada para fazer dieta e aumentar a atividade física,1.0
Transplante de rim não compatível é melhor do que ficar na fila de espera,1.0
Cai número de transplantes renais no país pela primeira vez em dez anos,1.0
Mulher de país em desenvolvimento faz mais busca on-line de saúde,1.0
Gestos e postura ajudam a detectar e avaliar depressão,1.0
Combinação de duas drogas reduz um tipo de câncer de mama em 11 dias,1.0
Primeiro transplante de útero nos EUA falha e órgão é retirado,1.0
Aplicativos de saúde repassam dados de usuários e geram debate ético,1.0
Projeto que autoriza produção e uso de 'pílula do câncer' avança no Congresso,1.0
Equipamentos de LED para usar em casa podem tratar de calvície à acne,1.0
Regra da Anvisa deve aumentar venda de medicamentos sem prescrição,1.0
O que causa aftas e como tratá-las?,1.0
"'Se o paciente melhorava, que mal faria?', diz criador da 'pílula do câncer'",1.0
Processos por suposto remédio anticâncer emperram jurídico da USP,1.0
Meditação da 'atenção plena' monopoliza pesquisas sobre o tema,1.0
Estudo associa aparecimento de casos de síndrome de Guillain-Barré à zika,1.0
Droga para diabetes ganha versão para tratar obesidade,1.0
As crianças que vivem com as doenças mais raras do mundo,1.0
O que pode causar tontura e palidez no período pré-menstrual?,1.0
Cirurgiões fazem o primeiro transplante de útero nos EUA,1.0
Anticorpo de sobrevivente do ebola pode virar terapia contra doença,1.0
Sobreviventes do ebola apresentam sequelas a longo prazo,1.0
"Manter tumor sob controle é melhor que matá-lo, diz estudo com roedores",1.0
"Com crise, personal trainers reduzem preços e apelam para aulas coletivas",1.0
Novo exame de sangue detecta problemas cardíacos 'ocultos',1.0
Dá para eliminar esporão com tratamento clínico ou cirurgia?,1.0
"Para sentir menos fome, entenda os mecanismos de saciedade do cérebro",1.0
"Investigação do DNA revela muitas 'letras', mas nem tanta informação",1.0
Genoma fácil de ler chega aos consultórios do país,1.0
Vírus da zika no Brasil é quase idêntico ao de surto no Pacífico em 2013,1.0
Versão mais potente do chá-verde tem 137 vezes mais antioxidantes,1.0
Confira receitas de sorvete e milkshake feitos com matcha,1.0
Os animais que detectam câncer e avisam pacientes antes de convulsões,1.0
Estudo põe em xeque obesos saudáveis ao comparar com magros sedentários,1.0
"Repelente deve ser usado até sobre a calça jeans, diz dermatologista",1.0
"Bordar e tricotar podem aumentar autoestima e reduzir dor, dizem estudos",1.0
Saúde Responde: Como me livrar de manchas causadas por acne?,1.0
Quem é o verdadeiro vilão da alimentação saudável?,1.0
'Ninguém entende o drama de não reconhecer um bebê como seu',1.0
Médicos americanos querem avaliação de depressão antes e depois do parto,1.0
"'Achava que não era capaz de cuidar da minha filha e só chorava', diz psicóloga",1.0
Programa de recompensas converte atividade física em passagens aéreas,1.0
"Devido ao zika, El Salvador pede que mulheres evitem gravidez até 2018",1.0
Saúde Responde: como tratar a doença do nó sinusal?,1.0
"Microcefalia ligada ao zika é severa em 71% dos casos, diz estudo",1.0
Americano congelado é ressuscitado com técnica que esquenta sangue,1.0
"'Aos 3 anos meu filho queria ser menina', diz mãe",1.0
"Vírus zika consegue ultrapassar a placenta na gestação, confirma análise",1.0
Falta de recursos para pesquisa de zika afeta laboratórios,1.0
Médico de cuidados paliativos agradece a David Bowie em carta comovente,1.0
Como exercícios podem proteger o corpo contra o câncer?,1.0
Maquiagem vira aliada de problemas de pele como vitiligo e rosácea,1.0
Morre paciente hospitalizado após teste clínico na França,1.0
Hospitais criam rituais para marcar o fim de fases do tratamento do câncer,1.0
Saúde responde: O que é uma verruga viral?,1.0
'Pílula do câncer' ainda não passou nem pela fase 1 de pesquisa clínica,1.0
Grupo português diz que seguiu regras em testes de remédio na França,1.0
"Teste de remédio falha, e paciente tem morte cerebral na França; 5 adoecem",1.0
Cientistas ligam más-formações no cérebro e doença articular ao zika,1.0
Conselho de medicina amplia critérios para cirurgia de redução de estômago,1.0
Médicos nos EUA reforçam indicação de mamografia bienal e só após os 50 anos,1.0
"Na praia, certo é usar protetor com fator 50, diz dermatologista",1.0
Ação hormonal da soja gera debate sobre consumo entre crianças,1.0
Técnica trata defeito de bebê ainda no útero,1.0
Parar de fazer exercício físico pode atrapalhar combate contra demências,1.0
Pílula anticoncepcional não aumenta risco de malformações congênitas,1.0
Pais submetem filha deficiente a tratamento que inibe crescimento,1.0
Cientistas dizem ter criado camisinha que aumenta prazer,1.0
Quem cuida de parentes com alzheimer tem carreira prejudicada,1.0
"Mulheres se criticam oito vezes por dia, diz estudo",1.0
Os dez lugares mais contaminados dentro de casa,1.0
Sem quais partes do corpo é possível sobreviver?,1.0
Usar celular demais pode causar dor e problemas ortopédicos,1.0
"Fertilização in vitro pode funcionar até sexta tentativa, mostra estudo",1.0
Brasileiros aderem a documento que guia tratamentos em fase terminal,1.0
Nova técnica de choque na região peniana promete tratar impotência,1.0
Remédio para ajudar na digestão está em falta no país,1.0
"Indústria põe sal, açúcar e gordura demais na comida, diz autor de livro",1.0
"Felicidade não faz viver mais, mostra novo estudo",1.0
Remédio livre de prescrição pode causar intoxicação e dependência,1.0
México aprova vacina contra a dengue a pessoas entre nove e 45 anos,1.0
Ortorexia pode acabar levando ao isolamento social e causar desnutrição,1.0
Aplicativos de celulares ajudam mulheres a mapear ciclo menstrual,1.0
"Saúde responde: Como diferenciar dengue, chikungunya e zika?",1.0
Alckmin diz que vai pedir a liberação da 'pílula do câncer' à Anvisa,1.0
"Religião é benéfica para tratamento psiquiátrico, diz associação",1.0
Saúde responde: Existe tratamento contra as olheiras?,1.0
Respeite os limites do bebê nos ensaios de recém-nascido; veja dicas sobre segurança,1.0
Consumo de ecstasy falso cresce e preocupa médicos,1.0
Mulheres aderem ao botox antes dos 30 para tirar 'ruguinhas',1.0
Governo quer finalizar primeiros testes de 'pílula do câncer' em 7 meses,1.0
"Com prevenção, maioria sobrevive a câncer de próstata",1.0
Saúde responde: Qual tipo de exercício ajuda a controlar a pressão alta?,1.0
Cães da USP 'escapam' de distrofia muscular e podem ser chave para a doença,1.0
Transplante de útero pode ajudar mulher infértil a engravidar,1.0
Justiça cassa liminares que obrigavam USP entregar suposta droga anticâncer,1.0
Povoado de Goiás tem maior índice mundial de doença rara de pele,1.0
Justiça amplia liberação de substância da maconha para uso medicinal,1.0
Livro reúne dicas para casais que querem perder peso juntos,1.0
Risco de doenças com impactos globais preocupa cientistas,1.0
Saúde responde: Exercícios combatem dor de protrusão no pescoço?,1.0
Governo defende cursos rápidos de oftalmologia para médicos de família,1.0
França vai permitir que homossexuais doem sangue a partir de 2016,1.0
"Cara, remoção de tatuagem avança, mas ainda pode deixar marcas",1.0
Conselho de farmácia autua USP por suposta droga anticâncer,1.0
"Mulher que veste 42 tem muita opção, ao contrário das gordas, diz modelo",1.0
Saúde responde: Micromiomas podem aumentar fluxo menstrual?,1.0
"Não exerci a medicina ilegalmente, diz criador de suposta droga anticâncer",1.0
"Tuberculose rivaliza com Aids em número de mortes, alerta OMS",1.0
Hospital Albert Einstein recebe certificação internacional,1.0
"Repasses para hospitais e farmácia popular atrasarão, diz ministro da Saúde",1.0
Processos sobre 'cápsula do câncer' congestionam Justiça em São Carlos,1.0
Novos remédios prometem efeitos mais duradouros contra a psoríase,1.0
"Uma droga que cura todo tipo de câncer nunca existirá, diz Drauzio Varella",1.0
Instituto do Câncer ofereceu estrutura para testar suposta droga contra câncer,1.0
"Tatuagens são mais seguras, mas efeitos são desconhecidos, dizem médicos",1.0
Preciso parar de comer carne vermelha e bacon? Tire suas dúvidas,1.0
Bacon e linguiça entram na 'lista negra' do câncer,1.0
"Mais resistente, 'supergonorreia' deixa autoridades em alerta",1.0
Saúde responde: Faz mal tomar refrigerante diet?,1.0
Políticos de São Carlos saem em defesa de suposto remédio anticâncer,1.0
Dados de remédio anticâncer criado na USP ainda não estão maduros,1.0
Sociedade de câncer dos EUA quer que mulheres façam menos mamografias,1.0
Novos medicamentos para hepatite C chegam à rede pública em novembro,1.0
"Para estudo, mais terapia e menos remédios melhoram esquizofrenia",1.0
Envelhecer até a fase da dependência é efeito colateral do avanço da medicina,1.0
Ministro do STF defende decisão em que liberou suposta droga anticâncer,1.0
Projeto reaproxima famílias separadas pela hanseníase,1.0
USP diz que enviará suposta droga contra o câncer pelo correio,1.0
Saúde responde: O que leva uma pessoa saudável a sempre ter aftas?,1.0
Justiça obriga fornecimento de derivado da maconha a doentes,1.0
Decisões sobre suposto remédio não abordam regras de pesquisa clínica,1.0
Representante comercial foi preso por produzir substância ilegalmente,1.0
Justiça libera suposta droga contra o câncer sem testes em humanos,1.0
"Sou cientista, mas é insuportável ver minha mãe definhar",1.0
Decisão da Justiça abre precedente para charlatanismo na medicina,1.0
"Para melhorar visual, homens fazem transplante de barba",1.0
Médica e jornalista conta como é cobrir saúde em tempos de crise,1.0
Saúde responde: Dormência na perna pode indicar problema circulatório?,1.0
Vacina francesa contra a dengue passa em comissão de biossegurança,1.0
"Medidas de segurança do paciente têm resistência de médicos, diz anestesista",1.0
Cortar glúten da dieta é controverso para quem não tem intolerância,1.0
Saúde responde: Implante de silicone pode afetar a sensibilidade nos seios?,1.0
Veja os cinco maiores entraves a novos tratamentos contra o câncer,1.0
Decisões sobre condutas no fim da vida trazem dilemas éticos para a saúde,1.0
Infecções são causa de 30% das internações de quem tem câncer,1.0
"Criou-se a ideia de médico bandido e doula guardiã, afirma ginecologista",1.0
Saúde responde: Pernas inquietas atrapalham cirurgia de quadril?,1.0
CFM suspende teto de idade para reprodução assistida no Brasil,1.0
Viver de sombra: exposição proposital ao Sol por vitamina D divide médicos,1.0
Saúde responde: O que podem ser as manchas no meu campo de visão?,1.0
Livro aponta a dificuldade para emagrecer como irmã do autoengano,1.0
A arte de morrer bem: médicos brigam por espaço para cuidados paliativos,1.0
Conhecimento médico sobre câncer de pulmão entre não fumantes é limitado,1.0
Estudo aponta resultados inflados em artigos de psicologia,1.0
Provas científicas não conseguem mudar mentalidades,1.0
Saúde responde: Como deixar os dentes mais brancos?,1.0
Obsessão em documentar a vida limita seu desfrute,1.0
"Dificuldade para superar luto afeta mais os idosos, mostra estudo",1.0
Estudos apontam que chamar nova droga de 'viagra feminino' é errado,1.0
Estudos da masculinidade ganham força acadêmica,1.0
Ansiedade matemática de pais contagia filhos,1.0
Lições de vida podem surgir a qualquer momento e idade,1.0
Saúde responde: Como tratar prolapso genital?,1.0
Lote de remédio genérico para diabetes é suspenso pela Anvisa,1.0
Novo algoritmo ajuda cientistas a prever casos de psicose,1.0
Produto natural promete aumentar libido feminina; cientistas são céticos,1.0
Saúde responde: O que acontece se eu não tratar a diabetes tipo 2?,1.0
Mariliz e Tati Bernardi debatem a polêmica sobre o 'viagra' feminino,1.0
Blogs esmiuçam dados nutricionais em embalagens de alimentos,1.0
Saúde responde: É possível tratar colesterol sem estatinas?,1.0
"Exercícios para a garganta podem ajudar a reduzir ronco, mostra estudo",1.0
"Após rejeitá-lo duas vezes, Estados Unidos aprovam 'viagra feminino'",1.0
Jovens saudáveis usam remédios psiquiátricos para ir melhor em provas,1.0
Estudo revela efeitos do confinamento solitário prolongado,1.0
Caminhar por áreas verdes melhora saúde mental,1.0
Saúde responde: Como tratar dor crônica da herpes zóster?,1.0
Médicos diagnosticam pacientes via Skype,1.0
Proibir cabeçadas no futebol não evita lesões cranianas,1.0
Animais de estimação fazem papel de confidentes e diplomatas,1.0
"Cérebro ansioso é transmitido de pai para filho, mostra estudo",1.0
Projeto sul-africano tenta otimizar saúde primária em Florianópolis,1.0
Estudo pago pela Coca diz que bebida açucarada não é vilã da obesidade,1.0
Empresas demonizam tristeza e investem na felicidade de empregados,1.0
Saúde responde: Uma pessoa hipertensa pode deixar de sê-lo?,1.0
Cientistas atacam Comissão Nacional de Ética em Pesquisa,1.0
Detentos treinam cães para salvar vidas nos EUA,1.0
África sofre ameaça de uma nova epidemia de meningite tipo C,1.0
Venda de tecido fetal gera rixa nos EUA,1.0
Icesp usará novo equipamento para diagnosticar câncer,1.0
Estudo que relaciona mutações a câncer infantil leva prêmio,1.0
Reitor da USP ganha prêmio de oncologia,1.0
Estudos atacam ideia de que geração Y é mais criativa ou colaborativa,1.0
Cientistas explicam por que mulheres sentem tanto frio com ar-condicionado,1.0
Vacina da meningite deixa pais confusos e R$ 1.200 mais pobres,1.0
SP cria 'novo IMC' para identificar desnutrição em soropositivos,1.0
Telescópio conecta estranhos em rua de Manhattan,1.0
Saúde responde: Posso usar pílula com nódulo benigno no útero?,1.0
Campanha faz exames gratuitos de esteatose hepática em São Paulo,1.0
Anvisa quer substituir uso de animais por métodos alternativos em testes,1.0
"Preocupados com efeitos colaterais, médicos cortam remédios de pacientes",1.0
Retirada de medicamento envolve riscos,1.0
Vacina francesa da dengue não deverá ser indicada para menores de 9 anos,1.0
"Após um ataque de pânico ao vivo, jornalista defende vida mais zen",1.0
SUS deve ofertar novos medicamentos contra hepatite C até dezembro,1.0
Saúde responde: Como tratar a gota?,1.0
Saúde aprova novo protocolo para uso de 'pílula do dia seguinte' contra Aids,1.0
Cirurgia inédita no Brasil trata caso grave de aneurisma cerebral,1.0
Cientistas têm um pé atrás com novos remédios,1.0
Novas substâncias sugerem que há uma forma de conter o alzheimer,1.0
"Em Piracicaba (SP), mosquito da dengue modificado gera ovos",1.0
Anvisa suspende publicidade irregular de 21 produtos detox,1.0
"Com novas técnicas, implante capilar fica mais parecido com cabelo real",1.0
"""Ter TOC não é engraçadinho como no cinema"", diz autor de livro sobre tema",1.0
"""Os intestinos são um charme"", diz cientista que desmistificou o órgão",1.0
Escritoras americanas defendem o fim das desculpas,1.0
Saúde responde: É possível recuperar a cor de cabelos brancos?,1.0
Crise leva Brasil a perder liderança em plásticas,1.0
'Meu namoro de 4 anos terminou por WhatsApp'; veja casos de fim virtual,1.0
Canabidiol e outros medicamentos importados ficam mais acessíveis,1.0
Depressão pós-AVC é tratada com eletricidade em pesquisa da USP,1.0
Porquinho-da-índia ajuda crianças autistas na escola,1.0
Saúde responde: trabalhar por horas digitando dá tendinite?,1.0
"Preconceito contra gays diminui, assim como senso de comunidade",1.0
Casais doam embriões congelados a outras famílias,1.0
Erramos: chamada na homepage e na versão mobile,1.0
"Uso de cocaína potencializa infecção pelo HIV, aponta pesquisa",1.0
"'Não se dizia que uma mulher de idade podia ter Aids', diz pianista de 88 anos",1.0
Uso de eletrônicos já afeta saúde e desempenho escolar de crianças,1.0
"O ""Viagra Rosa"" vem aí para resolver um problema que talvez não exista",1.0
Movimento propõe receitas caseiras de desodorantes e pasta de dentes,1.0
Desafio de fazer produtos foi mais barato e prático do que o esperado,1.0
Livro mergulha no universo dos cadáveres,1.0
Estudo questiona eficácia de stents para prevenir infartos,1.0
"Cegueira de ""olho mental"" intriga neurologistas",1.0
Saúde responde: Cirurgia é a única opção de tratamento para joanetes?,1.0
Anticorpo ataca vírus do tipo 2 da dengue e evita doença em roedores,1.0
Anvisa afirma que houve erro na classificação,1.0
Governo contraria a lei e libera agrotóxico mais nocivo à saúde,1.0
SUS inclui transplante de medula para tratar anemia falciforme,1.0
Médico dos EUA defende mais contato físico e atenção ao paciente,1.0
Cuba é o primeiro país a eliminar a transmissão do HIV de mãe para filho,1.0
Mães que trabalham fora têm filhos mais educados e independentes,1.0
Sites brasileiros vendem drogas 'legais',1.0
Nova droga estimula corpo a destruir tumores,1.0
Saúde responde: Posso tomar Tribulus terrestris?,1.0
Equilíbrio é tão importante quanto a força muscular para a atividade física,1.0
Negação de pais estimula obesidade infantil,1.0
Paternidade transforma corpo masculino,1.0
Mesas de trabalho equipadas com esteiras reduzem nível de atenção,1.0
Remédio para artrite consegue dar cor às manchas do vitiligo,1.0
Exame com saliva e sangue pode detectar câncer de cabeça e pescoço,1.0
Jovens criam camisinha que muda de cor com doença transmissível,1.0
Rótulos de alimentos com maconha nos EUA erram na potência,1.0
Apenas 32% dos brasileiros se exercitam regularmente,1.0
Câmara aprova projeto de lei que veta Anvisa de proibir emagrecedores,1.0
"Vitaminas prometem mais saúde, mas especialistas contestam benefícios",1.0
Chocolate se envolve em polêmica por supostos efeitos emagrecedores,1.0
Saúde responde: Passar fio dental antes ou depois de escovar os dentes?,1.0
"Ciência venceu, diz pesquisador que revelou danos da gordura trans há 50 anos",1.0
Molécula presente na urina detecta câncer de próstata,1.0
Uso de maconha sintética é detectado no Brasil; veja,1.0
Idosos desafiam o senso comum em documentário que estreia hoje,1.0
EUA banem a gordura trans e dão três anos para indústria se adequar,1.0
Cirurgião americano inventa técnica que aumenta os seios por 24 horas,1.0
Ayahuasca melhora depressão em estudos brasileiros,1.0
"Em projeto pioneiro, Curitiba envia teste de HIV pelo correio",1.0
Queixas ligadas a remédios crescem 20% ao ano no país,1.0
"Para indústria farmacêutica, número de queixas ligadas a remédios é baixo",1.0
Saúde responde: Quantos raios X posso fazer por ano?,1.0
Centelhas de alegria na confusão dos objetos,1.0
"Erramos: Imunoterapia é a nova arma contra o câncer, mas drogas custam R$ 90 mil",1.0
Mulher de 27 anos dá à luz com ovário congelado aos 13,1.0
Novas drogas contra o colesterol estão a um passo da aprovação nos EUA,1.0
"Por sobrevivência, redes de fast food anunciam menus mais saudáveis",1.0
Liberação de pílula do desejo sexual feminino avança nos EUA,1.0
Expiração de patentes alimenta corrida de drogas contra o câncer,1.0
"Imunoterapia é a nova arma contra o câncer, mas drogas custam R$ 90 mil",1.0
Homens e mulheres mentem nas pesquisas sobre sexo,1.0
Genética pode indicar melhor tratamento para largar o cigarro,1.0
Vacina contra tabagismo está em estudo,1.0
Hospital de SP instala botões antiparada cardíaca nos leitos,1.0
Profissionais que fingem trabalhar muito são tão bem avaliadas quanto os workaholics,1.0
Discussão entre Butantan e Anvisa pode ir à Justiça,1.0
"Vacina da dengue não é solução mágica, mas é o que temos, diz diretora da Sanofi Pasteur",1.0
Saúde responde: Existe relação entre anemia crônica e gripe?,1.0
Ativistas pedem fim de patente de droga contra a hepatite C,1.0
"Com apoio de farmacêuticas, associações pedem mais remédios na lista do SUS",1.0
Não precisamos que nenhuma outra droga seja legalizada,1.0
"De Dilma a padre Marcelo, tombos em esteiras machucam e podem até matar",1.0
Maconha ficou mais potente nos últimos 30 anos,1.0
Uso de maconha sintética leva a internações nos EUA,1.0
"É possível treinar o cérebro para ser feliz, diz monge francês especialista em biologia molecular",1.0
Saúde Responde: Existe limite de idade para tomar vacina contra pneumonia?,1.0
Médicos divergem sobre tratamento de bebês muito prematuros,1.0
"HPV reduz a fertilidade masculina, aponta estudo",1.0
Dormir muito não significa ser saudável,1.0
"Guru da arrumação, japonesa defende descartar o que não gera mais apego",1.0
"Com esclerose, economista vira palhaço, lança livro e faz espetáculo",1.0
Saúde responde: Como tratar cálculo renal?,1.0
Especialistas discutem ineficácia das dietas em debate da Folha,1.0
Aplicativos de relacionamentos promovem encontro de públicos específicos,1.0
Livre acesso aos prontuários pode melhorar tratamento,1.0
FBI recebe uma nova missão: entrar em forma,1.0
Luzes de telas eletrônicas podem atrapalhar o sono,1.0
"Para ter resistência, fuja da academia, diz autor de livros de corrida",1.0
Saúde Responde: O estresse pode alterar o ciclo menstrual?,1.0
"Nos EUA, hospitais dão atendimento e vacinação em drive-thru",1.0
"Quer emagrecer? Esqueça exercícios: a solução é comer bem, dizem médicos",1.0
Cientistas estudam genes que levam a formação de hérnia no diafragma,1.0
Saúde Responde: Quais são os tratamentos para doença de Crohn?,1.0
Indenização da Shell pagará estudos sobre câncer em São Paulo,1.0
"Folha estreia o blog ""A Chata das Dietas""",1.0
Inscrições para prêmio de oncologia vão até dia 30,1.0
"""Depois de dar à luz, não tive mais vida sexual"", diz funcionária pública",1.0
"Tipo de parto não influencia a vida sexual da mulher, diz estudo",1.0
Anvisa simplifica regras para importação de derivado da maconha,1.0
Anvisa suspende lote de dipirona sódica,1.0
"Por autodescoberta, mulheres trocam absorvente por coletor menstrual",1.0
"Nos EUA, marido é acusado de estupro por fazer sexo com a mulher doente",1.0
"Saúde Responde: Em caso de pressão baixa, é preciso consumir mais sal?",1.0
Famílias ainda recorrem a canabidiol ilegal para driblar burocracia,1.0
Autorização não garante importação de substância psicoativa da maconha,1.0
Estudo aponta indícios precoces de mal de Alzheimer,1.0
Maconha permanece na lista de drogas nocivas e viciantes dos EUA,1.0
Livros para colorir viram moda entre adultos que querem relaxar,1.0
App explica uso e efeito de drogas para promover redução de danos,1.0
Realidade virtual e robótica são usadas para tratar medo de avião,1.0
Bebê é gerada para doar medula para a irmã mais velha,1.0
Sistema para rastear medicamentos pode atrasar uma década,1.0
Testes contestam benefícios do óleo de peixe ao coração,1.0
Saúde responde: Acordar com o corpo formigando pode ser perigoso?,1.0
Novo anticorpo potente consegue reduzir quantidade de HIV no sangue,1.0
Grupos de família no WhatsApp levam conflito de gerações para a internet,1.0
"Em seis anos, brasileiros diminuem consumo de refrigerante em 20%",1.0
Paciente que já dormiu até dirigindo moto conta como é ter narcolepsia,1.0
Cirurgia rara expande tórax de menina em hospital de São Paulo,1.0
Prêmio de oncologia do Icesp tem inscrições abertas até o fim do mês,1.0
Corrida para lançar primeira vacina contra dengue pode terminar em 2015,1.0
"Após câncer, paciente busca vida saudável utilizando apps de celular",1.0
Embalagens de cigarro terão nova advertência sobre os riscos de fumar,1.0
Grávidas saradas exibem a barriga na internet,1.0
Bebê nasce sem nariz nos Estados Unidos,1.0
Lote de anticoncepcional com menos comprimidos na cartela é suspenso,1.0
Aparelho permite a oftalmologista de SP examinar paciente em Rondônia,1.0
EUA restrigem uso de testosterona para combater envelhecimento,1.0
"Uso de testosterona foi estimulado por campanhas de marketing, diz médico",1.0
"Momentos off-line são importantes para a criatividade, dizem cientistas",1.0
"Juventude não detém apogeu da inteligência, diz estudo",1.0
Saúde responde: Existe alguma forma de tratar o ronco?,1.0
Pais que dão mais espaço aos filhos não devem ser castigados,1.0
"Erramos: Paixão mexe com o cérebro como a cocaína, dizem cientistas",1.0
Cameron pede perdão por transfusão de sangue infectado nos anos 70 e 80,1.0
"Anvisa deve olhar menos o registro e mais o produto, diz ex-presidente",1.0
"Paixão mexe com o cérebro como a cocaína, dizem cientistas",1.0
Veja as 36 perguntas que podem fazer um casal se apaixonar,1.0
"Após tirar mamas, Angelina Jolie remove ovários para evitar câncer",1.0
Tratamento nacional com células-tronco evita amputação de pés,1.0
Projeto científico da Apple enfrenta desafios de amostragem e privacidade,1.0
"Rótulo de alimentos deve ter alerta para alérgicos, determina Justiça",1.0
"Acidentes matam mais do que Aids e câncer cerebral, dizem pesquisas",1.0
"Assim como há transgressão sexual na China, há caretice na França",1.0
Saúde responde: Sou fumante com hemoglobina alta. Posso ter um AVC?,1.0
"Paciente que recebeu pênis em transplante já faz sexo, diz cientista",1.0
Crianças que mamam por mais tempo têm renda maior quando adultos,1.0
Anvisa suspende lote de antibiótico depois de parafuso em frasco,1.0
Pai e filho enfrentam alcoolismo e contam drama em livro,1.0
"Imunoterapia abre novo caminho no tratamento de câncer, diz pesquisador",1.0
Saúde responde: É possível sentir o DIU na hora do sexo?,1.0
"Aparelhos do tipo ""faça-você-mesmo"" dispensam visita ao dentista",1.0
Ressonância superpotente da USP permitirá autópsia sem abrir cadáver,1.0
Droga usada para combater o colesterol aumenta risco de diabetes,1.0
Novo medicamento para hepatite C é aprovado pela Anvisa,1.0
Suco detox não serve para desintoxicar nem deve substituir comida,1.0
"'Provei suco detox e digo que já passei por coisa pior', escreve Josimar Melo",1.0
"'É como se fosse uma filha de 75 anos', diz atriz sobre mãe com alzheimer",1.0
Famílias decidem ocultar de doente que ele tem alzheimer,1.0
"A solidão se torna uma realidade do paciente com alzheimer, diz filha",1.0
"Água poluída mata mais mulheres que Aids e câncer de mama, diz estudo",1.0
Anvisa amplia indicação de vacina contra HPV para mulheres até 45 anos,1.0
"Vida sexual se intensifica após 50 anos de casamento, diz estudo",1.0
Saúde responde: Posso fazer sexo depois de operar a hérnia inguinal?,1.0
Médicos defendem ampliar indicações de cirurgia de redução de estômago,1.0
Pesquisa sugere que fotos e vídeos moldam a lembrança das pessoas,1.0
Anvisa quer embalagem de cigarro com advertência na parte frontal,1.0
OMS quer limitar consumo de açúcar 'oculto' dos alimentos,1.0
Coque é adotado por homens para compor o visual 'lenhador urbano',1.0
"Anvisa veta compras públicas com a EMS, maior farmacêutica do país",1.0
Saúde responde: O único tratamento possível para fimose é cirurgia?,1.0
Dor do luto pode durar mais tempo para algumas pessoas,1.0
Projeto leva próteses feitas em impressoras 3D a crianças,1.0
Planos de saúde passam a oferecer pediatria 'delivery',1.0
Reino Unido autoriza embrião com DNA de três pessoas,1.0
"Ex-alunos contam experiência de ensino domiciliar, que cresce no país",1.0
EUA aprovam medicamento contra câncer de medula óssea,1.0
"De hambúrguer a sorvete, alimentos incluem whey na receita",1.0
Hospital promove palestra sobre diagnóstico de câncer infantil nesta terça (24),1.0
Um terço dos implantes dentários do país é produto de pirataria,1.0
Caso Oliver Sacks reforça divisão entre médicos sobre morte por câncer,1.0
"Câncer é a melhor forma de morrer, diz médico britânico",1.0
Saúde responde: Tenho bolinhas vermelhas no braço. O que são?,1.0
"Aulas de pompoarismo na terceira idade dão um ""up"" na vida sexual",1.0
Implante para surdos passa por estudos clínicos,1.0
Chip em teste promete fazer cegos voltarem a enxergar,1.0
Saúde responde: Preciso retirar caroços que tenho no couro cabeludo?,1.0
Anvisa simplifica regra para venda de cosméticos,1.0
Escrever sobre a própria doença traz benefícios à saúde,1.0
Bebê com doença genética misteriosa corre risco de ficar sem convênio,1.0
Saúde responde: Nervo comprimido no túnel do carpo precisa de cirurgia?,1.0
Impressão em 3D evita surpresas na mesa de cirurgia,1.0
"Emoções ajudam o cérebro a preservar recordações, diz estudo",1.0
Cientistas dizem ter método infalível para duas pessoas se apaixonarem,1.0
Anvisa aprova regras para agilizar pesquisas clínicas com medicamentos,1.0
Conselho de SP proíbe médico de receber gratificações da indústria,1.0
Brasileiro tem alta confiança em medicamentos genéricos e similares,1.0
"Anvisa interdita parte da fábrica da EMS, maior farmacêutica do país",1.0
"Trocando corrida pelo celular, crianças podem perder habilidades motoras",1.0
"Morre Carl Djerassi, o pai da pílula anticoncepcional, anos 91 anos",1.0
Câmara britânica aprova bebê com DNA de 'três pais',1.0
Estudos médicos questionam banalização de cirurgia facial,1.0
Metade dos hospitais auditados pelo Ministério da Saúde têm fraudes,1.0
Sangue de cordão umbilical doado salva jovem com leucemia,1.0
Disney dá origem a surto de sarampo nos EUA,1.0
"Em spas nos EUA, crianças são tratadas como princesas",1.0
"Apenas 0,01% dos cordões umbilicais de bancos privados tiveram uso",1.0
"Apesar de redução nos riscos, pais têm medo de criar filhos com liberdade",1.0
Saúde responde: qual o risco de morar com 37 cães?,1.0
Erramos: Médicos de família passam a fazer atendimento particular personalizado,1.0
Quase 50% dos brasileiros relatam mais de dez parceiros sexuais na vida,1.0
Médicos de família passam a fazer atendimento particular personalizado,1.0
Mulheres com plano de saúde vão ao SUS em busca de parto normal,1.0
"Atendimento às gestantes no setor privado está falido, diz ministro",1.0
Medicamento receitado a mulheres que querem engravidar não funciona,1.0
Saúde responde: posso usar no cotovelo pomada para herpes ocular?,1.0
"Menos solitários, casados se dizem mais satisfeitos com a vida",1.0
Saúde Responde: Até que mês de gestação é seguro fazer sexo?,1.0
"'Medidas do governo dão a impressão de que quem faz cesárea é criminoso', diz médico",1.0
Medo da dor do parto é o principal motivo de opção por cesárea,1.0
Clareadores dentais só poderão ser vendidos com receita,1.0
Governo começa a distribuir remédio 3 em 1 para tratamento de HIV,1.0
Anvisa libera uso medicinal de derivado da maconha,1.0
Sucos de caixinha têm tantas calorias quanto refrigerantes,1.0
Anvisa suspende lote de dipirona sódica com medicamento errado,1.0
Inventor do implante dentário moderno morre aos 85 anos,1.0
Farmacêuticas tinham perdido o interesse em desenvolver antibióticos,1.0
"Pela 1ª vez desde 87, grupo descobre nova classe de antibióticos",1.0
Ministério Público denuncia quatro médicos por morte de paciente no Rio,1.0
Selfies no vestiário geram conflitos entre frequentadores de academias,1.0
Polícia Federal vai investigar fraude em venda de próteses,1.0
"Por células-tronco, pais congelam dentes de leite dos filhos",1.0
Anvisa aprova novo medicamento para tratamento da hepatite C,1.0
Artigo contrário à relação HIV-Aids é 'despublicado' de revista científica,1.0
Mulheres buscam redução da bochecha para afinar o rosto,1.0
"Temos de tratar da vida sexual dos gordos, defende livro",1.0
"Centenária, aspirina também poderá ser usada contra câncer",1.0
